Topic,Count,Name,Representation,Representative_Docs
-1,588,-1_verbesserung_unterstützen_bevölkerung_zugang,"['verbesserung', 'unterstützen', 'bevölkerung', 'zugang', 'sozial', 'finanzierung', 'wirtschaftlich', 'leisten', 'kind', 'nachhaltig']","['nachhaltig aufbau ausbau qualitativ hochwertig kreditportfolio landwirtschaftlich kleinst mittlerer unternehmen kkmu ländlich raum nepals partnerfinanzinstitution pfi entwicklungspolitisch verbesserung unternehmerisch umfeld nachhaltig sozial ausgewogen wirtschaftsentwicklung einkommenssicherung sicherung schaffung arbeitsplatz nepal leisten mittelbar vorrangig ländlich raum tätig kkmu verbessert zugang finanzdienstleistung beratung erhalten indirekt profitieren mitarbeiterinn kkmu familie unmittelbar ausgewählt nepalesisch bank global ime bank development bank nmb bank finanzdienstleistung kkmu bereitstellen zuschuss insgesamt ausgewählt bank unterstützen kkmu kreditvergabe ländlich raum sog missing middle segment npr auszuweit zuschuss gegenfinanzierung refinanzierungslinie verwenden institutionell kapazität know how partnerfinanzinstitution bereich ländlich kkmu agrarfinanzierung kkmu bereich grundbildung stärken', 'kernproblem prekär lebensbedingung bevölkerung infolge boko haram terrors einhergehend militärisch abschottung betroffen gebiet nutzen verbessert infrastruktur neu geschaffen einkommen beschäftigungsmöglichkeite sozial kohäsion lokal governance stärken wesentlich outputs gemeinde zugang verbessert wirtschaftlich sozial infrastruktur gemeinde verfügen verbessert einkommen beschäftigungsmöglichkeiter partizipativ stärkung sozial kohäsion umsetzen lokal kapazität konfliktsensibel entwicklungsplanung stärken land jeweils komponent umsetzen direkt ausgewählt region umfassen mensch insg gemeinde begünstigt zählen binnenvertrieben geflüchtet rückkehrer mensch aufnehmend gemeinde besonderer aufmerksamkeit erhalten schutzbedürftig gruppe frau jugendlich kind national umsetzung agenda folgend nachhaltig entwicklung sdg armut sdg hunger sdg hochwertig bildung sdg geschlechtergleichheit sdg arbeit wirtschaftswachstum sdg ungleichheit sdg frieden gerechtigkeit stark institution sdg', 'verbesserung wirtschaftlich sozial lebensbedingung binnenflüchtling lokal bevölkerung einkommensschaffend leisten arbeitsintensiv instandsetzung verbesserung sozial wirtschaftlich basisinfrastruktur sozial dienstleistung verbesserung wirtschaftlich bereitstellung beruflich bildung ausbildung erreichen beinhalten wesentlich komponente komponente klassisch cash for work umsetzen kurzfristig arbeitsplatz schaffen wirtschaftlich situation situation aufnehmend gemeinde kurzfristig verbessern komponente fokussieren befähigung ausbildung längerfristig nachhaltig arbeitsmöglichkeit wahrnehmen gleichzeitig verbesserung wirtschaftlich leisten kleinstunternehmen neu hierbei unterstützung landwirtschaftlich betrieb einzeln landwirten training bereitstellung düng saatgut']"
0,617,0_bevölkerung_verbesserung_nachhaltig_ländlich,"['bevölkerung', 'verbesserung', 'nachhaltig', 'ländlich', 'infrastruktur', 'wasser', 'finanzieren', 'leisten', 'stadt', 'lokal']","['kernproblem unterversorgung bevölkerung malis hygienisch einwandfreiem trinkwasser unzureichend verfügbarkeit sanitär einrichtung stellen zentral entwicklungshemmnisse malisch staat dar bereitstellung wasser sanitärversorgung ländlich kleinstädtisch bereich letzter nachgelassen ursache hierfür mangelnd kapazität fehlend zusammenspiel dekonzentriert struktur ausgeprägt regional versorgungsdefizite stark bevölkerungswachstum kombinieren krisenbedingter binnenmigration zwischenzeitig ebenfalls krisenbedingt investitionsstopp zugang arm ländlich kleinstädtisch bevölkerung mali hygienisch unbedenklich trinkwasser angemessen sanitärversorgung verbessern nachhaltig sicherstellung ganzjährig versorgung klein mittelstädt ansässig bevölkerung hygienisch einwandfrei wasser angemessen sanitäranlag global zugang wasserversorgung mali ermöglichen effizient weise gemäß vorgabe quantifizierbar qvz erreichung mdg beigetrag wesentlich outputs umfassen neubau rehabilitierung wasserversorgungssystem einrichtung basissanitärlösunge information sensibilisierung bevölkerung klein mittelstädt einwohnerzahl malisch region kayes koulikoro national umsetzung agenda armut sauber wasser sanitäreinrichtungen nachhaltig stadt gemeinde', 'kernproblem fragil sicherheitssituation südwesten somalia häufung extreme naturereignissen lebensgrundlage bevölkerung teilweise zerstören vulnerabilität stark erhöhen schwach staatlich institution lage effektiv begegnen stärkung sozioökonomisch resilienz individuen haushalt gemeinde existenzgrundlag landwirtschaftlich produktion verbesserung zugang angemessen basisdienstleistung bereich ernährung gesundheit wash bildung langfristig gut bewältigung anpassungsmechanismen hinsichtlich ökonomisch klimabedingter schocks verfügung stehen wesentlich outputs gemeinschaftlich unicef wep fao region gedo südwesten somalias umsetzen umfassen folgend komponente schaffung voraussetzung sicher lernumfeld bereitstellung qualitativ bildungsangebot benachteiligt kind jugendlich verbesserung zugang grundlegend dienstleistung bereich ernährung wasser sanitärversorgung hygiene wash widerstandsfähigkeit bevölkerung stärken stärkung diversifizierung lebensgrundlage nachhaltig steigerung agro pastoral produktion aufbau landwirtschaftlich wertschöpfungskett lokal regierung verwaltungskapazitän lage versetzen bevölkerung eigenständig nachhaltig angemessen basisdienstleistung anzubiet bedürftig haushalt kind schwanger stillend frau binnenvertrieben ausgewählt distrikt region gedo bundestaat jubaland jährlich mensch leistungspaket profitieren national umsetzung agenda somalisch regierung bekennen sustainabel development goals sdg national entwicklungsplan abstimmen sdg sdg', 'kernproblem unterversorgung bevölkerung malis hygienisch einwandfreiem trinkwasser unzureichend verfügbarkeit sanitär einrichtung stellen zentral entwicklungshemmnisse malisch staat dar bereitstellung wasser sanitärversorgung ländlich kleinstädtisch bereich letzter nachgelassen ursache hierfür mangelnd kapazität fehlend zusammenspiel dekonzentriert struktur ausgeprägt regional versorgungsdefizite stark bevölkerungswachstum kombinieren krisenbedingter binnenmigration zwischenzeitig ebenfalls krisenbedingt investitionsstopp zugang arm ländlich kleinstädtisch bevölkerung mali hygienisch unbedenklich trinkwasser angemessen sanitärversorgung verbessern nachhaltig sicherstellung ganzjährig versorgung klein mittelstädt ansässig bevölkerung hygienisch einwandfrei wasser angemessen sanitäranlag national wasserversorgungsrate herstellen global zugang wasserversorgung mali ermöglichen wesentlich outputs umfassen neubau rehabilitierung wasserversorgungssystem einrichtung basissanitärlösunge information sensibilisierung bevölkerung klein mittelstädt einwohnerzahl malisch region kayes koulikoro national umsetzung agenda armut sauber wasser sanitäreinrichtungen nachhaltig stadt gemeinde']"
1,293,1_nachhaltig_natürlich_ressource_biodiversität,"['nachhaltig', 'natürlich', 'ressource', 'biodiversität', 'schutz', 'schutzgebiet', 'bevölkerung', 'management', 'nationalpark', 'unterstützen']","['region lateinamerika karibik lak kennzeichnen reichtum biodiversität natürlich ressource reichtum zunehmend menschlich handeln bedrohen wichtig treiber degradierung gehören landnutzungsänderung wasserverschmutzung nachhaltig form fischerei naturtourismus politisch privat entscheidungsträger umbau unser wirtschaftssystem green economy finanzsektor fallen hierbei wichtig unterstützend rolle kapital ausreichend verfügung stehen kanalisieren ökologisch umbau greening zentral sektor entwicklungspolitisch erhalt natürlich ressource schutz biodiversität effizient bedarfsgerecht bereitstellung kapital biodiversitätsfreundlich ressourceneffizient produktionsform sektor landwirtschaft forstwirtschaft fischerei naturnah tourismus erfolgreich einführung finanzproduktes finanzierung ressourceneffizienter biodiversitätsfreundlicher produktionsformen lak träger eco business fund fonds nichtregierungsorganisation conservation international finance motion fim public privat partnership instrument form strukturiert fonds sitz luxemburg gründen ausgewählt lokal ansässig partnerfinanzinstitution lokal unternehmen sektor landwirtschaft forstwirtschaft fischerei naturnah tourismus investor privatsektor', 'region lateinamerika karibik lak kennzeichnen reichtum biodiversität natürlich ressource reichtum zunehmend menschlich handeln bedrohen wichtig treiber degradierung gehören landnutzungsänderung wasserverschmutzung nachhaltig form fischerei naturtourismus politisch privat entscheidungsträger umbau unser wirtschaftssystem green economy finanzsektor fallen hierbei wichtig unterstützend rolle kapital ausreichend verfügung stehen kanalisieren ökologisch umbau greening zentral sektor entwicklungspolitisch erhalt natürlich ressource schutz biodiversität effizient bedarfsgerecht bereitstellung kapital biodiversitätsfreundlich ressourceneffizient produktionsform sektor landwirtschaft forstwirtschaft fischerei naturnah tourismus erfolgreich einführung finanzproduktes finanzierung ressourceneffizienter biodiversitätsfreundlicher produktionsformen lak träger eco business fund fonds nichtregierungsorganisation conservation international finance motion fim public privat partnership instrument form strukturiert fonds sitz luxemburg gründen ausgewählt lokal ansässig partnerfinanzinstitution lokal unternehmen sektor landwirtschaft forstwirtschaft fischerei naturnah tourismus investor privatsektor', 'biodiversitätserhalt nachhaltig waldbewirtschaftung lauten management schutzgebiete effektiv biodiversität stabilisieren schutzgebiet eingeschränkt lebensbedingung betroffen bevölkerung verbessern erreichung schutz biodiversität nachhaltig bewirtschaftung tropenwaldes wirtschaftlich situation arm lokal bevölkerung ausgewählt gebiet verbessern leisten primär schutzgebiet lebend bevölkerung überwiegend ärmlich verhältnissen leben natürlich ressource lebensunterhalt nutzen aufbauend bisherig ergebnis erfolgen abhängigkeit jeweilig vorbereitungsstand entwicklungspotenzial sicherheitslage voraussichtlich weiterhin ausgesucht schutzgebieen umfassen partizipativ ansatz verbesserung schutz biodiversität effizienter schutzgebietsmanagement verbessert schutzgebietsinfrastruktur einführung weiterentwicklung biomonitoringsysteme verbesserung lebensbedingung anrainerbevölkerung unterschiedlich investition gesamtkosten umfassen betragen']"
2,204,2_energie_erneuerbar_investition_energieeffizienz,"['energie', 'erneuerbar', 'investition', 'energieeffizienz', 'strom', 'leisten', 'finanzierung', 'nachhaltig', 'privat', 'stromversorgung']","['klimawandel entgegenwirken nachhaltig entwicklung fond westbalkan östlich südlich nachbarschaftsregion unterstützen weitereichend umweltschonend investition nötig angebot nachhaltig breitenwirksam finanzierung investition energie effizienz erneuerbar energie lokal finanzmärkte ausreichend form verfügung stellen linie nachhaltig aufbau erweiterung angebot breitenwirksam finanzierung investition linie tragen reduktion energieverbrauchs reduktion treibhausgasemission endkreditnehmern regional energieeffizienzfonds westlich balkan nachbarschaftsregionen green for growth fund dezember schirmherrschaft eib gründen fonds tragen entwicklung marktes investition kkmu privat haushalt lokal finanzsektor zunehmend direkt investition bereich durchschnitt energieeinsparunge emissionsreduktionen mittlerweile land westbalkan türkei östlich südlich nachbarschaftsregion tätig groß geber halten form shares anteil first loss tranch deutlich beitrag mittel fazilität technisch assistenz fazilität eingezahlen form treuhandbeteiligung titel zusammenarbeit region gewähren', 'klimawandel entgegenwirken nachhaltig entwicklung fond westbalkan östlich südlich nachbarschaftsregion unterstützen weitereichend umweltschonend investition nötig angebot nachhaltig breitenwirksam finanzierung investition energie effizienz erneuerbar energie lokal finanzmärkte ausreichend form verfügung stellen linie nachhaltig aufbau erweiterung angebot breitenwirksam finanzierung investition linie tragen reduktion energieverbrauchs reduktion treibhausgasemission endkreditnehmern regional energieeffizienzfonds westlich balkan nachbarschaftsregionen green for growth fund dezember schirmherrschaft eib gründen fonds tragen entwicklung marktes investition kkmu privat haushalt lokal finanzsektor zunehmend direkt investition bereich durchschnitt energieeinsparunge emissionsreduktionen mittlerweile land westbalkan türkei östlich südlich nachbarschaftsregion tätig groß geber halten form shares anteil first loss tranch deutlich beitrag mittel fazilität technisch assistenz fazilität eingezahlen form treuhandbeteiligung titel zusammenarbeit region gewähren', 'klimawandel entgegenwirken nachhaltig entwicklung fond westbalkan östlich südlich nachbarschaftsregion unterstützen weitereichend umweltschonend investition nötig angebot nachhaltig breitenwirksam finanzierung investition energie effizienz erneuerbar energie lokal finanzmärkte ausreichend form verfügung stellen linie nachhaltig aufbau erweiterung angebot breitenwirksam finanzierung investition linie tragen reduktion energieverbrauchs reduktion treibhausgasemission endkreditnehmern regional energieeffizienzfonds westlich balkan nachbarschaftsregionen green for growth fund dezember schirmherrschaft eib gründen fonds tragen entwicklung marktes investition kkmu privat haushalt lokal finanzsektor zunehmend direkt investition bereich durchschnitt energieeinsparunge emissionsreduktionen mittlerweile land westbalkan türkei östlich südlich nachbarschaftsregion tätig groß geber halten form shares anteil first loss tranch deutlich beitrag mittel fazilität technisch assistenz fazilität eingezahlen form treuhandbeteiligung titel zusammenarbeit region gewähren']"
3,190,3_kkmu_fond_unternehmen_fonds,"['kkmu', 'fond', 'unternehmen', 'fonds', 'bank', 'privat', 'finanzdienstleistung', 'kredit', 'mittlerer', 'unterstützen']","['sanad arabisch unterstützung mittel gründen handeln regional fond verschieden finanzprodukt lokal partnerinstitution ausreichen finanzierungszugang klein mittlerer unternehmen kkmu land nah osten ausgewählt land subsaharas verbessern sanad verfolgen wirtschaftlich sozial lebensbedingung region erhöhung einkommen beschäftigung wachstum verbessern armutsreduzierung leisten fond ägypn algerien cote ivoire ghana irak jemen kenia libanon marokko palästinensisch gebiet ruanda senegal syrien tunesien uganda bundesregierung unterstützen sanad deutsch antwort arabisch frühling engagement aufstockung untermauert finanzieren fonds beteiligung laufen ebenfalls stetig erhöhen hinaus schweizerisch seco österreichisch entwicklungsbank oeeb niederländisch fmo sanad beteiligen gls bank privat investor fond gewinnen inzwischen privat amerikanisch investor calveren impact capital investieren fond revolvierend einsetzen fonds verfügen separat verwaltet technical assistance facility taf finanzieren maßgeschneidert sektorunterstützend regional stärkung mikro finanzsektor fond weise maßgeblich stakeholder mikro finanzsektor region erreichen stärken', 'sanad arabisch unterstützung mittel gründen handeln regional fond verschieden finanzprodukt lokal partnerinstitution ausreichen finanzierungszugang klein mittlerer unternehmen kkmu land nah osten ausgewählt land subsaharas verbessern sanad verfolgen wirtschaftlich sozial lebensbedingung region erhöhung einkommen beschäftigung wachstum verbessern armutsreduzierung leisten fond ägypn algerien cote ivoire ghana irak jemen kenia libanon marokko palästinensisch gebiet ruanda senegal syrien tunesien uganda bundesregierung unterstützen sanad deutsch antwort arabisch frühling engagement aufstockung untermauert finanzieren fonds beteiligung laufen ebenfalls stetig erhöhen hinaus schweizerisch seco österreichisch entwicklungsbank oeeb niederländisch fmo sanad beteiligen gls bank privat investor fond gewinnen inzwischen privat amerikanisch investor calveren impact capital investieren fond revolvierend einsetzen fonds verfügen separat verwaltet technical assistance facility taf finanzieren maßgeschneidert sektorunterstützend regional stärkung mikro finanzsektor fond weise maßgeblich stakeholder mikro finanzsektor region erreichen stärken', 'sanad arabisch unterstützung mittel gründen handeln regional fond verschieden finanzprodukt lokal partnerinstitution ausreichen finanzierungszugang klein mittlerer unternehmen kkmu land nah osten ausgewählt land subsaharas verbessern sanad verfolgen wirtschaftlich sozial lebensbedingung region erhöhung einkommen beschäftigung wachstum verbessern armutsreduzierung leisten fond ägypn algerien cote ivoire ghana irak jemen kenia libanon marokko palästinensisch gebiet ruanda senegal syrien tunesien uganda bundesregierung unterstützen sanad deutsch antwort arabisch frühling engagement aufstockung untermauert finanzieren fonds beteiligung laufen ebenfalls stetig erhöhen hinaus schweizerisch seco österreichisch entwicklungsbank oeeb niederländisch fmo sanad beteiligen gls bank privat investor fond gewinnen inzwischen privat amerikanisch investor calveren impact capital investieren fond revolvierend einsetzen fonds verfügen separat verwaltet technical assistance facility taf finanzieren maßgeschneidert sektorunterstützend regional stärkung mikro finanzsektor fond weise maßgeblich stakeholder mikro finanzsektor region erreichen stärken']"
4,168,4_flüchtling_syrisch_libanon_palästinensisch,"['flüchtling', 'syrisch', 'libanon', 'palästinensisch', 'gemeinde', 'syrien', 'aufnehmend', 'flüchtlingslager', 'sozial', 'unrwa']","['andauernd bürgerkrieg syrien massiv fluchtbewegunge nachbarländer verursachen unterstützen nachbarländern libanon irak türkei syrisch flüchtling ausgehen rückkehr flüchtling syrien stabilisierung libanon verbesserung resilienz gegenwärtig krise schnell verbesserung basisinfrastruktur schaffung beschäftigungsmöglichkeite aufnehmend kommune zugang flüchtling bildung nachhaltig wasser sanitärversorgung ernährungssicherung sektor direktleistung spezialisiert organisation verantworten fokussieren gebiet hoch flüchtlingspräsenz gehören sowohl syrisch palästinensisch flüchtling einheimisch bevölkerung aufnehmend kommune finanzierungsbedarf unrwa relief and works agency for palestin refugees libanon teil finanzieren unrwa unterstützen palästinensisch flüchtling dringend benötigten bereich schulbildung gesundheitswese', 'andauernd bürgerkrieg syrien massiv fluchtbewegunge nachbarländer verursachen unterstützen nachbarländern libanon irak türkei syrisch flüchtling ausgehen rückkehr flüchtling syrien stabilisierung libanon verbesserung resilienz gegenwärtig krise schnell verbesserung basisinfrastruktur schaffung beschäftigungsmöglichkeite aufnehmend kommune zugang flüchtling bildung nachhaltig wasser sanitärversorgung ernährungssicherung sektor spezialisiert organisation verantworten fokussieren gebiet hoch flüchtlingspräsenz gehören sowohl syrisch palästinensisch flüchtling einheimisch bevölkerung aufnehmend kommune vorgelegt fortsetzung deutsch finanzierungsbedarf unrwa relief and works agency for palestin refugees teil finanzieren unrwa unterstützen palästinensisch flüchtling dringend benötigten', 'andauernd bürgerkrieg syrien massiv fluchtbewegunge nachbarländer verursachen unterstützen nachbarländern libanon irak türkei ägypn syrisch flüchtling ausgehen lage verschärfen rückkehr flüchtling syrien stabilisierung nachbarländ syrien verbesserung resilienz gegenwärtig krise schnell verbesserung basisinfrastruktur schaffung beschäftigungsmöglichkeite aufnehmend kommune zugang flüchtling bildung nachhaltig wasser sanitärversorgung basisgesundheitsversorgung ernährungssicherung sektor direktleistung spezialisiert organisation verantworten fokussieren gebiet hoch flüchtlingspräsenz gehören sowohl syrisch palästinensisch flüchtling einheimisch bevölkerung aufnehmend kommune gesamtkosten unterstützung nachbarländern flüchtling organisation schätzen vorgelegt prüfung fortsetzung deutsch finanzierungsbedarf unrwa relief and works agency for palestin refugees libanon teil finanzieren unrwa unterstützen palästinensisch flüchtling dringend benötigten']"
5,103,5_ausbildung_berufsschule_beruflich_berufsbildung,"['ausbildung', 'berufsschule', 'beruflich', 'berufsbildung', 'schule', 'jung', 'qualität', 'verbessern', 'qualifiziert', 'bildung']","['chuxiong medical and pharmaceutical college cxmpc provinz yunnan planen erweiterung bestehend campus bau laborgebäuder erweiterung medizinisch lehrausstattung umfassen chuxiong medical college berufsschule medizinisch ausbildungsgäng bereich pflegen pharmazie allgemeinmedizin traditionell chinesisch medizin aufgrund kontinuierlich steigend studentenzahle letzter stoßen college kapazitätsgrenz unzureichend ausstattung praktisch übungsräume labore wirken negativ qualität ausbildung verbesserung trainingsausrüstung ausbildungsmethodik stärken berufsschule qualität beruflich bildungsangebote erhöhen qualifikationsniveau beschäftigungschance absolvent unterstützen andererseits wachstum lokal wirtschaft bereitstellung qualifiziert fachpersonal aktuell meister krankenhäusern medizinisch betriebe fehlen bestehend zusammenarbeit berufsschule lokal regional unternehmen stärken kurse lokal gesundheitswirtschaft zuschneiden künftig arbeitskräfte bedarfsorientieren ausgebildet steigerung ausbildungsqualität führen aufgrund wachsend bedarf qualifiziert personal stehen chance student chuxiong colleges adäquat arbeitsplatz lokal arbeitsmarkt finden gesamtkosten betragen bau labor beschaffung medizintechnisch ausstattung praktisch ausbildung student finanzieren', 'provinz jiangxi niedrig bruttoinlandsprodukt wert china streben angebot qualifiziert fachkräft verbessert berufsoptionen absolvent tragen überwindung investitionsengpässe provinz jiangxi steigend qualifikationsniveau mittelfristig entwicklung lohnniveau region auswirken verbesserung ausbildungskapazitäte qualität ausbildung vocational technical college sowohl anzahl eingeschrieben schüler qualifikation absolvent beinhalen beschaffung inbetriebnahme unterrichtsmaterialien bau labor experimentiergebäud hinaus darlehen konzeption durchführung bedürfnisse schule ausgerichtet innovativ komponente praxisorientierter berufsausbildung finanzieren vorliegend tragen verbesserung bildungschance qualifiziert beschäftigung steigerung einkommensperspektive erreichung sustainabel development goals sdgs sdg hinaus stehen einklang bildungsstrategie fokussieren berufsbildungssystemen stark arbeitsmarkt auszuricht erreichen positiv steigerung angebot qualifiziert fachkräfte lokal regional arbeitsmarkt ausbau stärkung qualität beruflich ausbildung stringent orientierung aktuell bedarf verstärkt zusammenarbeit austausch lokal industrie leisten', 'chongqing banan senior vocational school sekundär berufsschule ausbildung fachkräft automobiltechnologie textilproduktion vorschulerziehung bauwesen spezialisieren bisherig gebäude schule zugunsten neu baus entwicklungszone chongqing ersetzen neubau kapazität schüler erweitern modern einrichtung lehrmittelausstattung qualität verbessern darlehen praxisorientiert berufsschulausstattung automobilbereich lehrmittelausstattung campus finanzieren bau lehr zwei trainingsgebäude finanzieren gesamtinvestitionsvolumen betragen wovon finanzieren banan distrikt einwohnern liegen süden million metropole chongqing herz industrie wirtschaftsgürtel innenstadt chongqing ziehen stetig wachsend industriestadt chongqing hoch bedarf qualifiziert fachkräfn bereich automobiltechnologie aufbau bildung park campus chongqing banan senior vocational school ansiedeln bauen distrikt servicesektor streben führend rolle technisch ausbildung chongqings erklärt stark ausbildung international maßstäben berufsbildung verbessern jugendlich einstiegschancen entwicklungsmöglichkein arbeitsmarkt ansatz distrikt regierung qualität sekundär berufsbildung erhöhen chance eher unterqualifiziert schüler modern ausbildungsmethoden hoch anteil praktisch ausbildung kompetenz gruppe berufsausbildung sekundarsystem schüler chongqing schulgebühr zahl erhalten kind finanzschwach familie chance karriere gelernt beruf zusätzlich schüler ausbilden erhöhung kapazität zudem bildungsqualität verbessern praktisch erfahrung schüler stärken abschluss arbeitsalltag zukünftig beruf qualifizieren hierbei unterstützen beschaffung grundlegend technisch ausstattung unterrichts trainingsraum modern']"
6,83,6_reproduktiv_gesundheit_eac_sexuell,"['reproduktiv', 'gesundheit', 'eac', 'sexuell', 'hiv', 'familienplanung', 'frau', 'bevölkerung', 'gavi', 'epidemie']","['reproduktiv gesundheit langjährig engagement sektor anknüpfen familienplanung hiv aids prävention obwohl sichtbar verbesserung bleiben thema reproduktiv gesundheit familienplanung durchschnittlich geburt pro frau zusammenhang hoch rat schwanger schaftsbedingt komplikation zentral bedeutung nigrisch gesundheitspolitik müttersterblichkeit säuglingssterblichkeit bestätigen besorgniserregend situation grund weiterhin prekär situation gesund heitsversorgung bevölkerung vorhanden infrastruktur desolat zustand fehlen medikamenen ausreichend qualifiziert personal ländlich raum abdeckung medizinisch versorgung sog couverture sanitaire durchschnitt unzureichend problematik setzen ergebnis orientiert erstattung gesundheitsdienstleistunge result based financing rbf kom ponenen ausbau rehabilitierung ausstattung gesundheitseinrich tung komponente angebot nachfrage hochwertig dienst leistung reproduktiv gesundheit verbesserung sundheit müttern neugeborenen nig beitragen ergänzend sensibilisierungs ausgewählt primar sekundarschulen angrenzend dörfern gemeindebasiert distribution kommu nikation dbc nachfrage dienstleistung reproduktiv gesundheit familienplanung erhöhen komponent fortbildung gesundheitsmitar beitern verwaltern lehrer mitarbeiter lokal nro komponent querschnittsthema bevölkerung tillabéri zentral fokus liegen frau bärfähigen alt neugeborenen jugendlich primar kundarschul träger gesundheitsministerium ministère santé publique msp durchführung regionaldirektion gesundheit direction regional santé publique drsp tillabéri delegieren sowohl national regional ebene durchführungsconsultant umsetzung eng begleiten stütz komponente finanzieren resulen based financing gesundheitsdienstleistunge region tillabéri erstatten volumen zeitraum max umsetzen', 'reproduktiv gesundheit stellen mittel finanziert dar nig gestaltungsspielraum gesundheit implementieren knüpfen langjährig engagement sektor familienplanung hiv aids prävention familienplanung sensibilisierung nro animas sutura implementieren reproduktiv gesundheit region tillaberi region tahoua stellen aufgrund implementierung ergebnisorientiert erstattungsmechanismus gesundheitsdienstleistunge nigrisch gesundheitsministerium trägerrolle form zusammenarbeit dar niger zeichnen hoch fertilitätsrate kind pro frau zudem prävalenzrat moderner verhütungsmethoden niedrig mütter kind säuglingssterblichkeit hoch weltweit grund weiterhin prekär situation gesundheitsversorgung bevölkerung vorhanden infrastruktur desolat zustand fehlen medikamenen ausreichend qualifiziert personal ländlich raum abdeckung medizinisch versorgung sog couverture sanitaire durchschnitt unzureichend problematik setzen ergebnisorientiert erstattung gesundheitsdienstleistunge erstattungsmechanimus komponente ausbau renovierung ausstattung gesundheitseinrichtung komponente angebot nachfrage hochwertig dienstleistung reproduktiv gesundheit verbesserung gesundheit müttern neugeborenen nig beitragen ergänzend sensibilisierungs ausgewählt primar sekundarschulen angrenzend dörfern gemeindebasiert distribution kommunikation dbc nachfrage dienstleistung reproduktiv gesundheit familienplanung erhöhen komponent fortbildung gesundheitsmitarbeitern verwaltern lehrer mitarbeiter lokal nro komponent querschnittsthema bevölkerung tillabéri zentral fokus liegen frau gebärfähigen alt neugeborenen jugendlich primar sekundarschulen träger gesundheitsministerium ministère santé publique msp durchführung regionaldirektion gesundheit direction regional santé publique drsp tillabéri delegieren sowohl national regional ebene durchführungsconsultant umsetzung eng begleiten unterstützen volumen anschluss laufend tillabéri zeitraum max umsetzen', 'jahrelang bewaffnet konflikt ehemals wohlhabend côte ivoire armut quote stark steigen lassen national gesundheitssystem schwach komplikation schwangerschaft geburt häufigst todesursache frau häufig kurz abstand hoch anzahl geburt direkt einfluss gesundheitszustand mütter weiterhin bestehen hoch ungedeckter bedarf familienplanung schlecht gesundheitszustand mütter übersetzen direkt hoch kindersterblichkeit tod krankheitsfall mutter vermindern überlebenschancen kind signifikant bezug hiv problematik land kämpfen liegen hiv prävalenz urban räume frau deutlich regional durchschnitt verbesserung gesundheit ivorisch bevölkerung leisten geschehen vermeidung ungewollt schwangerschafen vergrößerung geburtenabstände verringerung sexuell übertragen infektion hiv aids veränderung sinn stärken verantwortungsbewusst verhaltens bereich sexuell reproduktiv gesundheit leisten legen fokus selbstbestimmt familienplanung beinhalen sensibilisierung vertrieb subventioniert produkt reproduktiv gesundheit kondomen erhöhung wirksamkeit neu einzuführend komponente social franchising intrauterinspiral zusätzlich verhütungsmittel verfügung stellen sexuell aktiv bevölkerung fokus jung mensch jung frau finanzierungsvolumen belaufen zuzüglich erlöser verkauf kontrazeptiva']"
7,69,7_krankenhaus_medizinisch_gerät_hospital,"['krankenhaus', 'medizinisch', 'gerät', 'hospital', 'health', 'gesundheitssektor', 'diagnose', 'ausstattung', 'patient', 'hsjf']","['handeln erweiterung krankenhaus puyang people hospital einwohner zählend stadt puyang umfassen bau krankenhausgebäud modernisierung vorhanden gebäude ausstattung medizinisch gerät behandlungskapazität krankenhaus bett spektrum diagnose behandlungsmöglichkeiten deutlich erweitern zahl behandlung steigern anzahl medizinisch disziplinen erhöhen medizinisch ausrüstung verwenden restlich bau krankenhaus inklusive technisch anlage eingeplant', 'handeln erweiterung krankenhaus shijiazhuang hospital einwohner zählend stadt shijiazhuang hauptstadt provinz hebei krankenhaus hoch national kategorie level grade spezialisiert geburtshilfe gynäkologie neonatologie entbindung geburt großraum shijiazhuang krankenhaus führend einrichtung bereich mutter kind provinz hebei stoßen krankenhaus massiv kapazitätsgrenze häufig überfüllt umfassend erweiterung planen ergänzung bestehend haus zentrum osten stadt östlich shijiazhuang krankenhaus bauen finanziert umfassen ausstattung krankenhaus modern medizinisch gerät behandlungskapazität krankenhaus bett spektrum diagnose behandlungsmöglichkeiten deutlich erweitern zahl jährlich stationäre patient steigern zahl jährlich ambulant patient million million zusätzlich krankenhaus funktion lehrkrankenhaus stärken gesamtkoste aktuell belaufen finanzieren beschaffung modern medizinischer ausstattung verwenden', 'beinhalten erweiterung ausstattung einzig akademisch lehrkrankenhauses chinesisch provinz hainan einwohner liegen provinzhauptstadt haikou umfasst bau gebäudekomplex ambulanz notfallmedizin anschaffung medizinisch gebäudetechnisch gerät derzeit stark überlastet krankenhaus gehören modern bildgebende gerät mri behandlungskapazität krankenhaus spektrum diagnose behandlungsmöglichkeiten deutlich erweitern bestehend bett betten hinzu pro stationär patient bevölkerungsschicht versorgen fertigstellung voraussichtlich stationär ambulant patient behandeln mindestens krankenhausspezifisch gerät finanzieren verbleibend betrag bauleistung verwenden studie beratungsfonds finanzierter consultant unterstützen krankenhaus beschaffung hochwertig medizinisch gerät beraten gerätewartung schulung angestellter gerätebedienung lokal regierung unterstützen ebenfalls mittel parallel neubau lehrgebäudes finanzieren versorgung krankenhaus region qualifiziert medizinisch personal verbessern']"
8,13,8_libanesisch_formal_kind_zugang,"['libanesisch', 'formal', 'kind', 'zugang', 'education', 'schuljahr', 'unicef', 'schulbildung', 'race', 'libanon']","['verbesserung zugang flüchtlingskinder libanesisch kind formal schulbildung informellen bildungsangebot zuschuss libanesisch race reaching all children with education schuljahr unterstützen kind alt erhalten erstmals zugang libanesisch schulsyst jugendlich profitieren formal informell persönlich kompetenz fertigkeit kind jugendlich psychosozial betreuungsangebote bereit stellen insgesamt kind jugendlich umsetzung unicef beauftragen libanon syrisch flüchtling spezialisieren', 'verbesserung zugang bedürftig libanesisch kind libanesisch kind formal schulbildung zuschuss libanesisch race reaching all children with education schuljahr unterstützen umfassen libanesisch libanesisch schulkinder syrisch flüchtlingskinder zugang formal schulbildung erhalten umsetzung unicef beauftragen unicef libanon flüchtlingskontext spezialisieren arbeiten eng libanesisch bildungsministerium ministry education and high education mehen umfassen begrenztem umfang finanzierung schulrehabilitierung titel krisenbewältigung wiederaufbau infrastruktur krisenkontext kwi bereitstellen', 'verbesserung zugang bedürftig libanesisch kind flüchtlingskinder formal schulbildung zuschuss libanesisch race reaching all children with education schuljahr bereitgestellt weitgehend finanzierung schulgebühr verwenden umfassen libanesisch kind flüchtlingskind schulpflichtig alt zugang formal schulbildung erhalten umsetzung unicef beauftragen libanon spezialisieren unicef arbeiten eng libanesisch bildungsministerium ministry education and high education mehen']"
9,11,9_polio_nigeria_who_eradication,"['polio', 'nigeria', 'who', 'eradication', 'ausrottung', 'virus', 'nigerianisch', 'pakistan', 'übertragung', 'unicef']","['einigen völkergemeinschaft polio auszurott zeitraum gelingen anzahl infektion fall pro reduzieren gleichzeitig zahl endemisch land nigeria hintergrund who poliokampf letzter land hoch dringlichkeitsstufen verleihen übertragung virus letzter verbleibend endemisch land nigeria afghanistan pakistan stoppe who unicef global strategie schirm global polio eradication initiative gpei entwickeln finanziert unterbrechung übertragung poliovirus nigeria leisten tragen direkt weltweit ausrottung virus beachtlich erfolg nigeria durchgeführen impfkampagn letzter übertragung polio wild virus august stattfinden impfkampagn unverändert intensiv angepasst form zumindest konsequent durchführen übertragung virus nachhaltig unterbrechen finanzierung operational kosten durchführung vorbereitung impfkampagn einsetzen bedarf beschaffung impfstoff kind nigeria kind hochrisiko bundesstaaen betragen hintergrund bestehend finanzierungsengpässe nigeria polio eradication beabsichtigen möglichst frühzeitig mitte analog who unicef direkt bereit stellen who unicef abstimmung nigerianisch träger umsetzung nigerianisch polio eradication einsetzen beinhalten vorratsprüfung hiervon einsetzen', 'einigen völkergemeinschaft polio auszurotn übertragung virus weltweit unterbrech who unicef global strategie schirm global polio eradication initiative gpei entwickeln besonderer intensität letzter verblieben endemisch land afghanistan pakistan nigeria umsetzen zeitraum gelingen anzahl infektion weltweit fall pro reduzieren gleichzeitig zahl endemisch land besonderer erfolg nigeria verzeichnen september ausbrüche wild polio virus registrieren kampf ausrottung polio nigeria gewinnen hintergrund hoch dringlichkeitsstufen who poliobekämpfung ausrufen gültig bezug nigeria finanziert unterbrechung übertragung poliovirus nigeria leisten tragen direkt weltweit ausrottung virus finanzierung operational kosten vorbereitung durchführung impfkampagn einsetzen bedarf beschaffung impfstoff kind nigeria kind hochrisiko bundesstaaen reduzierung vermeidung polioinfektion nigeria angrenzend staat leisten direkt erreichung millenium development goals mdg verbesserung kindergesundheit betragen hintergrund bestehend finanzierungsengpässe beabsichtigen möglichst frühzeitig analog who unicef direkt bereit stellen who unicef abstimmung nigerianisch träger nphcda umsetzung nigerianisch polio notfallplans nigeria polio eradication emergency plan npeep einsetzen vorratsgeprüft januar', 'einigen völkergemeinschaft polio auszurott zeitraum gelingen anzahl infektion fall pro reduzieren gleichzeitig zahl endemisch land nigeria kampf ausrottung polio gewinnen hintergrund who poliokampf letzter land hoch dringlichkeitsstufen verleihen übertragung virus letzter verbleibend endemisch land nigeria afghanistan pakistan stoppe who unicef global strategie schirm global polio eradication initiative gpei entwickeln finanziert unterbrechung übertragung poliovirus nigeria leisten tragen direkt weltweit ausrottung virus finanzierung operational kosten durchführung vorbereitung impfkampagn einsetzen bedarf beschaffung impfstoff kind nigeria kind hochrisiko bundesstaaen reduzierung vermeidung polioinfektion nigeria angrenzend staat leisten direkt erreichung millenium development goals mdg verbesserung kindergesundheit betragen hintergrund bestehend finanzierungsengpässe beabsichtigen möglichst frühzeitig mitte analog who unicef direkt bereit stellen who unicef abstimmung nigerianisch träger umsetzung nigerianischer polio notfallplan nigeria polio eradication emergency plan npeep einsetzen beinhalten zudem vorratsprüfung finanzierung operativ kosten nigerianisch polio notfallplans einsetzen']"
